2026-08-21T10:08:41.723Z	/	/	7.44%	heightΔ 0.6%	FAIL
2026-08-21T10:11:03.924Z	/	index	77.42%	heightΔ 84.5%	FAIL	ref:poc-gate
2026-08-21T10:11:28.061Z	/	/	10.50%	heightΔ 0.6%	FAIL	ref:poc-gate
2026-08-21T11:00:56.127Z	/cancerwise/your-guide-to-walking-as-exercise.h00-159694389.html	/cancerwise/your-guide-to-walking-as-exercise	18.56%	heightΔ 44.3%	FAIL	ref:frozen-live
2026-08-21T11:03:27.544Z	/cancerwise/your-guide-to-walking-as-exercise.h00-159694389.html	/cancerwise/your-guide-to-walking-as-exercise	20.41%	heightΔ 2.5%	FAIL	ref:frozen-live
2026-08-21T11:12:40.096Z	/treatment-options/brachytherapy.html	/treatment-options/brachytherapy	22.25%	heightΔ 5.0%	FAIL	ref:frozen-live
2026-08-21T11:18:20.001Z	/cancerwise/how-to-cope-with-insomnia-during-cancer-treatment.h00-159856134.html	/cancerwise/how-to-cope-with-insomnia-during-cancer-treatment	22.20%	heightΔ 8.4%	FAIL	ref:poc-gate
2026-08-21T11:19:20.566Z	/cancerwise/your-guide-to-walking-as-exercise.h00-159694389.html	/cancerwise/your-guide-to-walking-as-exercise	20.27%	heightΔ 1.8%	FAIL	ref:frozen-live
2026-08-21T11:28:23.390Z	/cancerwise/your-guide-to-walking-as-exercise.h00-159694389.html	/cancerwise/your-guide-to-walking-as-exercise	24.55%	heightΔ 3.4%	FAIL	ref:frozen-live
2026-08-21T11:28:36.169Z	/cancerwise/how-to-cope-with-insomnia-during-cancer-treatment.h00-159856134.html	/cancerwise/how-to-cope-with-insomnia-during-cancer-treatment	23.45%	heightΔ 5.6%	FAIL	ref:poc-gate
2026-08-21T11:32:13.256Z	/treatment-options/brachytherapy.html	/treatment-options/brachytherapy	17.62%	heightΔ 1.0%	FAIL	ref:frozen-live
2026-08-21T11:34:22.730Z	/cancer-types/lung-cancer.html	/cancer-types/lung-cancer	17.79%	heightΔ 16.7%	FAIL	ref:frozen-live
2026-08-21T11:39:43.838Z	/cancerwise/your-guide-to-walking-as-exercise.h00-159694389.html	/cancerwise/your-guide-to-walking-as-exercise	16.86%	heightΔ 1.1%	FAIL	ref:frozen-live
2026-08-21T11:45:48.270Z	/treatment-options/brachytherapy.html	/treatment-options/brachytherapy	16.55%	heightΔ 1.0%	FAIL	ref:frozen-live
2026-08-21T11:53:31.380Z	/cancer-types/lung-cancer.html	/cancer-types/lung-cancer	20.54%	heightΔ 8.3%	FAIL	ref:frozen-live
2026-08-21T11:57:08.252Z	/cancerwise/your-guide-to-walking-as-exercise.h00-159694389.html	/cancerwise/your-guide-to-walking-as-exercise	16.86%	heightΔ 1.1%	FAIL	ref:frozen-live
2026-08-21T11:57:41.178Z	/cancerwise/how-to-cope-with-insomnia-during-cancer-treatment.h00-159856134.html	/cancerwise/how-to-cope-with-insomnia-during-cancer-treatment	19.63%	heightΔ 2.9%	FAIL	ref:poc-gate
2026-08-21T12:01:12.522Z	/cancer-types/lung-cancer.html	/cancer-types/lung-cancer	24.68%	heightΔ 4.3%	FAIL	ref:frozen-live
2026-08-21T12:06:07.418Z	/cancerwise/your-guide-to-walking-as-exercise.h00-159694389.html	/cancerwise/your-guide-to-walking-as-exercise	10.68%	heightΔ 0.4%	FAIL	ref:frozen-live
2026-08-21T12:06:20.664Z	/cancerwise/how-to-cope-with-insomnia-during-cancer-treatment.h00-159856134.html	/cancerwise/how-to-cope-with-insomnia-during-cancer-treatment	14.04%	heightΔ 1.6%	FAIL	ref:poc-gate
2026-08-21T12:06:31.698Z	/treatment-options/brachytherapy.html	/treatment-options/brachytherapy	17.07%	heightΔ 1.0%	FAIL	ref:frozen-live
2026-08-21T12:10:17.842Z	/patients-family/diagnosis-treatment/clinical-trials/clinical-trials-index/clinical-trials-detail.ID2016-0142.html	/patients-family/diagnosis-treatment/clinical-trials/clinical-trials-index/clinical-trials-detail-id2016-0142	31.53%	heightΔ 13.0%	FAIL	ref:frozen-live
2026-08-21T12:11:28.138Z	/treatment-options/brachytherapy.html	/treatment-options/brachytherapy	22.27%	heightΔ 3.7%	FAIL	ref:frozen-live
2026-08-21T12:12:46.705Z	/patients-family/diagnosis-treatment/clinical-trials/clinical-trials-index/clinical-trials-detail.ID2016-0142.html	/patients-family/diagnosis-treatment/clinical-trials/clinical-trials-index/clinical-trials-detail-id2016-0142	24.27%	heightΔ 6.7%	FAIL	ref:frozen-live
2026-08-21T12:18:03.717Z	/cancer-types/lung-cancer.html	/cancer-types/lung-cancer	22.82%	heightΔ 3.5%	FAIL	ref:frozen-live
2026-08-21T12:20:11.052Z	/patients-family/diagnosis-treatment/clinical-trials/clinical-trials-index/clinical-trials-detail.ID2016-0142.html	/patients-family/diagnosis-treatment/clinical-trials/clinical-trials-index/clinical-trials-detail-id2016-0142	13.89%	heightΔ 2.2%	FAIL	ref:frozen-live
2026-08-21T12:24:22.620Z	/patients-family/diagnosis-treatment/clinical-trials/clinical-trials-index/clinical-trials-detail.ID2016-0142.html	/patients-family/diagnosis-treatment/clinical-trials/clinical-trials-index/clinical-trials-detail-id2016-0142	8.15%	heightΔ 0.5%	PASS	ref:frozen-live
2026-08-21T12:24:31.200Z	/	/	3.19%	heightΔ 0.1%	PASS	ref:frozen-live
2026-08-21T12:27:31.071Z	/cancerwise/your-guide-to-walking-as-exercise.h00-159694389.html	/cancerwise/your-guide-to-walking-as-exercise	10.86%	heightΔ 0.4%	FAIL	ref:frozen-live
2026-08-21T12:29:59.372Z	/cancerwise/how-to-cope-with-insomnia-during-cancer-treatment.h00-159856134.html	/cancerwise/how-to-cope-with-insomnia-during-cancer-treatment	10.86%	heightΔ 1.8%	FAIL	ref:frozen-live
2026-08-21T12:30:20.163Z	/cancerwise/how-to-cope-with-insomnia-during-cancer-treatment.h00-159856134.html	/cancerwise/how-to-cope-with-insomnia-during-cancer-treatment	10.86%	heightΔ 1.8%	FAIL	ref:frozen-live
2026-08-21T12:31:26.979Z	/patients-family/diagnosis-treatment/clinical-trials/clinical-trials-index/clinical-trials-detail.ID2024-1206.html	/patients-family/diagnosis-treatment/clinical-trials/clinical-trials-index/clinical-trials-detail-id2024-1206	16.92%	heightΔ 2.8%	FAIL	ref:frozen-live
2026-08-21T12:33:12.304Z	/patients-family/diagnosis-treatment/clinical-trials/clinical-trials-index/clinical-trials-detail.ID2017-1059.html	/patients-family/diagnosis-treatment/clinical-trials/clinical-trials-index/clinical-trials-detail-id2017-1059	8.09%	heightΔ 0.6%	PASS	ref:frozen-live
2026-08-21T12:34:57.666Z	/patients-family/diagnosis-treatment/clinical-trials/clinical-trials-index/clinical-trials-detail.ID2020-0277.html	/patients-family/diagnosis-treatment/clinical-trials/clinical-trials-index/clinical-trials-detail-id2020-0277	8.28%	heightΔ 0.5%	PASS	ref:frozen-live
2026-08-21T12:37:01.933Z	/patients-family/diagnosis-treatment/clinical-trials/clinical-trials-index/clinical-trials-detail.ID2021-1031.html	/patients-family/diagnosis-treatment/clinical-trials/clinical-trials-index/clinical-trials-detail-id2021-1031	5.30%	heightΔ 0.2%	PASS	ref:frozen-live
2026-08-21T12:38:46.931Z	/patients-family/diagnosis-treatment/clinical-trials/clinical-trials-index/clinical-trials-detail.ID2023-0365.html	/patients-family/diagnosis-treatment/clinical-trials/clinical-trials-index/clinical-trials-detail-id2023-0365	5.48%	heightΔ 0.2%	PASS	ref:frozen-live
2026-08-21T12:39:04.198Z	/cancerwise/your-guide-to-walking-as-exercise.h00-159694389.html	/cancerwise/your-guide-to-walking-as-exercise	6.99%	heightΔ 0.2%	PASS	ref:frozen-live
2026-08-21T12:39:17.213Z	/cancerwise/how-to-cope-with-insomnia-during-cancer-treatment.h00-159856134.html	/cancerwise/how-to-cope-with-insomnia-during-cancer-treatment	6.42%	heightΔ 0.3%	PASS	ref:frozen-live
2026-08-21T12:40:32.473Z	/patients-family/diagnosis-treatment/clinical-trials/clinical-trials-index/clinical-trials-detail.ID2018-0233.html	/patients-family/diagnosis-treatment/clinical-trials/clinical-trials-index/clinical-trials-detail-id2018-0233	8.40%	heightΔ 0.5%	PASS	ref:frozen-live
2026-08-21T12:43:30.032Z	/patients-family/diagnosis-treatment/clinical-trials/clinical-trials-index/clinical-trials-detail.ID2025-1430.html	/patients-family/diagnosis-treatment/clinical-trials/clinical-trials-index/clinical-trials-detail-id2025-1430	11.98%	heightΔ 1.1%	FAIL	ref:frozen-live
2026-08-21T12:43:40.084Z	/cancer-types/lung-cancer.html	/cancer-types/lung-cancer	19.42%	heightΔ 12.7%	FAIL	ref:frozen-live
2026-08-21T12:45:15.330Z	/patients-family/diagnosis-treatment/clinical-trials/clinical-trials-index/clinical-trials-detail.ID2017-0202.html	/patients-family/diagnosis-treatment/clinical-trials/clinical-trials-index/clinical-trials-detail-id2017-0202	8.35%	heightΔ 0.6%	PASS	ref:frozen-live
2026-08-21T12:47:20.140Z	/patients-family/diagnosis-treatment/clinical-trials/clinical-trials-index/clinical-trials-detail.ID2025-1667.html	/patients-family/diagnosis-treatment/clinical-trials/clinical-trials-index/clinical-trials-detail-id2025-1667	20.26%	heightΔ 4.4%	FAIL	ref:frozen-live
2026-08-21T12:52:36.264Z	/cancerwise/-how-i-knew-i-had-colorectal-cancer---six-survivors-share-symptoms.h00-159781968.html	/cancerwise/how-i-knew-i-had-colorectal-cancer-six-survivors-share-symptoms	8.11%	heightΔ 0.0%	PASS	ref:frozen-live
2026-08-21T12:52:57.664Z	/cancer-types/lung-cancer.html	/cancer-types/lung-cancer	22.28%	heightΔ 4.5%	FAIL	ref:frozen-live
2026-08-21T12:53:31.556Z	/treatment-options/brachytherapy.html	/treatment-options/brachytherapy	5.86%	heightΔ 0.1%	PASS	ref:frozen-live
2026-08-21T12:55:14.195Z	/cancerwise/-how-i-knew-i-had-colorectal-cancer---six-survivors-share-symptoms.h00-159781968.html	/cancerwise/how-i-knew-i-had-colorectal-cancer-six-survivors-share-symptoms	8.04%	heightΔ 0.0%	PASS	ref:frozen-live
2026-08-21T13:00:05.987Z	/patients-family/diagnosis-treatment/clinical-trials/clinical-trials-index/clinical-trials-detail.ID2025-1667.html	/patients-family/diagnosis-treatment/clinical-trials/clinical-trials-index/clinical-trials-detail-id2025-1667	14.76%	heightΔ 2.2%	FAIL	ref:frozen-live
2026-08-21T13:00:15.917Z	/patients-family/diagnosis-treatment/clinical-trials/clinical-trials-index/clinical-trials-detail.ID2024-1206.html	/patients-family/diagnosis-treatment/clinical-trials/clinical-trials-index/clinical-trials-detail-id2024-1206	9.25%	heightΔ 0.6%	PASS	ref:frozen-live
2026-08-21T13:00:25.844Z	/patients-family/diagnosis-treatment/clinical-trials/clinical-trials-index/clinical-trials-detail.ID2025-1430.html	/patients-family/diagnosis-treatment/clinical-trials/clinical-trials-index/clinical-trials-detail-id2025-1430	11.97%	heightΔ 1.2%	FAIL	ref:frozen-live
2026-08-21T13:00:43.927Z	/newsroom/-patients-with-heart-disease-may-be-at-increased-risk-for-advanc.h00-159703068.html	/newsroom/patients-with-heart-disease-may-be-at-increased-risk-for-advanc	47.40%	heightΔ 43.4%	FAIL	ref:frozen-live
2026-08-21T13:00:52.886Z	/for-physicians/clinical-tools-resources/clinical-calculators.html	/for-physicians/clinical-tools-resources/clinical-calculators	13.20%	heightΔ 1.2%	FAIL	ref:frozen-live
2026-08-21T13:04:00.053Z	/patients-family/becoming-our-patient/planning-for-care/virtual-visits.html	/patients-family/becoming-our-patient/planning-for-care/virtual-visits	20.57%	heightΔ 2.4%	FAIL	ref:frozen-live
2026-08-21T13:05:38.895Z	/for-physicians/clinical-tools-resources/clinical-calculators.html	/for-physicians/clinical-tools-resources/clinical-calculators	13.24%	heightΔ 1.2%	FAIL	ref:frozen-live
2026-08-21T13:06:16.112Z	/patients-family/diagnosis-treatment/clinical-trials/clinical-trials-index/clinical-trials-detail.ID2025-1430.html	/patients-family/diagnosis-treatment/clinical-trials/clinical-trials-index/clinical-trials-detail-id2025-1430	5.37%	heightΔ 0.1%	PASS	ref:frozen-live
2026-08-21T13:06:30.982Z	/newsroom/-patients-with-heart-disease-may-be-at-increased-risk-for-advanc.h00-159703068.html	/newsroom/patients-with-heart-disease-may-be-at-increased-risk-for-advanc	32.33%	heightΔ 20.8%	FAIL	ref:frozen-live
2026-08-21T13:07:13.276Z	/patients-family/diagnosis-treatment/clinical-trials/clinical-trials-index/clinical-trials-detail.ID2016-0142.html	/patients-family/diagnosis-treatment/clinical-trials/clinical-trials-index/clinical-trials-detail-id2016-0142	8.17%	heightΔ 0.5%	PASS	ref:frozen-live
2026-08-21T13:07:22.984Z	/patients-family/diagnosis-treatment/clinical-trials/clinical-trials-index/clinical-trials-detail.ID2017-1059.html	/patients-family/diagnosis-treatment/clinical-trials/clinical-trials-index/clinical-trials-detail-id2017-1059	8.11%	heightΔ 0.6%	PASS	ref:frozen-live
2026-08-21T13:07:32.876Z	/patients-family/diagnosis-treatment/clinical-trials/clinical-trials-index/clinical-trials-detail.ID2020-0277.html	/patients-family/diagnosis-treatment/clinical-trials/clinical-trials-index/clinical-trials-detail-id2020-0277	8.31%	heightΔ 0.5%	PASS	ref:frozen-live
2026-08-21T13:07:42.993Z	/patients-family/diagnosis-treatment/clinical-trials/clinical-trials-index/clinical-trials-detail.ID2021-1031.html	/patients-family/diagnosis-treatment/clinical-trials/clinical-trials-index/clinical-trials-detail-id2021-1031	5.30%	heightΔ 0.2%	PASS	ref:frozen-live
2026-08-21T13:10:08.047Z	/patients-family/diagnosis-treatment/clinical-trials/clinical-trials-index/clinical-trials-detail.ID2023-0365.html	/patients-family/diagnosis-treatment/clinical-trials/clinical-trials-index/clinical-trials-detail-id2023-0365	5.49%	heightΔ 0.2%	PASS	ref:frozen-live
2026-08-21T13:10:17.754Z	/patients-family/diagnosis-treatment/clinical-trials/clinical-trials-index/clinical-trials-detail.ID2018-0233.html	/patients-family/diagnosis-treatment/clinical-trials/clinical-trials-index/clinical-trials-detail-id2018-0233	8.43%	heightΔ 0.5%	PASS	ref:frozen-live
2026-08-21T13:10:25.968Z	/newsroom/-patients-with-heart-disease-may-be-at-increased-risk-for-advanc.h00-159703068.html	/newsroom/patients-with-heart-disease-may-be-at-increased-risk-for-advanc	32.33%	heightΔ 20.8%	FAIL	ref:frozen-live
2026-08-21T13:10:27.106Z	/patients-family/diagnosis-treatment/clinical-trials/clinical-trials-index/clinical-trials-detail.ID2017-0202.html	/patients-family/diagnosis-treatment/clinical-trials/clinical-trials-index/clinical-trials-detail-id2017-0202	8.37%	heightΔ 0.6%	PASS	ref:frozen-live
2026-08-21T13:11:26.701Z	/cancerwise/-5-ways-our-social-work-counselors-can-help-during-cancer-treatm.h00-158988234.html	/cancerwise/5-ways-our-social-work-counselors-can-help-during-cancer-treatm	27.92%	heightΔ 28.1%	FAIL	ref:frozen-live
2026-08-21T13:13:07.139Z	/cancerwise/-5-ways-our-social-work-counselors-can-help-during-cancer-treatm.h00-158988234.html	/cancerwise/5-ways-our-social-work-counselors-can-help-during-cancer-treatm	33.19%	heightΔ 10.9%	FAIL	ref:frozen-live
